<?xml version="1.0" encoding="UTF-8"?><idempiere Name="PositiveOnlyWriteOff" Version="1.5.0" idempiereVersion="" DataBaseVersion="" Description="" Author="" AuthorEmail="" CreatedDate="2022-11-10 10:38:20.154" UpdatedDate="2022-11-10 10:38:20.154" PackOutVersion="100" UpdateDictionary="false" Client="0-SYSTEM-System" AD_Client_UU="11237b53-9592-4af1-b3c5-afd216514b5d">
    <AD_Menu type="table">
        <Parent_ID reference="id">236</Parent_ID>
        <SeqNo>35</SeqNo>
        <AD_Menu_ID>304</AD_Menu_ID>
        <AD_Client_ID>0</AD_Client_ID>
        <AD_Org_ID>0</AD_Org_ID>
        <AD_Menu_ID>304</AD_Menu_ID>
        <Name>Receivables Write-Off</Name>
        <Description>Write off open receivables</Description>
        <Action>P</Action>
        <AD_Window_ID reference="id"/>
        <AD_Workflow_ID reference="id"/>
        <AD_Task_ID reference="id"/>
        <IsActive>Y</IsActive>
        <IsSummary>N</IsSummary>
        <AD_Process_ID reference="id">171</AD_Process_ID>
        <IsSOTrx>Y</IsSOTrx>
        <AD_Form_ID reference="id"/>
        <IsReadOnly>N</IsReadOnly>
        <EntityType>D</EntityType>
        <IsCentrallyMaintained>Y</IsCentrallyMaintained>
        <AD_Menu_UU>4758dcbb-8af5-4205-bc64-978a5b63cdcb</AD_Menu_UU>
        <AD_InfoWindow_ID reference="id"/>
        <AD_Menu_Trl type="translation">
            <Description>Dar de baja cuentas por recibir pendientes</Description>
            <Name>Dar de Baja Cuentas por Cobrar</Name>
            <AD_Language>es_CO</AD_Language>
            <IsActive>Y</IsActive>
            <IsTranslated>Y</IsTranslated>
        </AD_Menu_Trl>
        <AD_Menu_Trl type="translation">
            <Description>Dar de baja cuentas por recibir pendientes</Description>
            <Name>Dar de Baja Cuentas por Cobrar</Name>
            <AD_Language>es_VE</AD_Language>
            <IsActive>Y</IsActive>
            <IsTranslated>N</IsTranslated>
        </AD_Menu_Trl>
        <AD_Process_Para type="table">
            <AD_Client_ID>0</AD_Client_ID>
            <AD_Org_ID>0</AD_Org_ID>
            <IsActive>Y</IsActive>
            <Name>Positive only</Name>
            <Description>Do not generate negative commissions</Description>
            <Help>The Positive Only check box indicates that if the result of the subtraction is negative, it is ignored.  This would mean that negative commissions would not be generated.</Help>
            <AD_Process_ID reference="id">171</AD_Process_ID>
            <SeqNo>170</SeqNo>
            <AD_Reference_ID reference="id">20</AD_Reference_ID>
            <AD_Reference_Value_ID reference="id"/>
            <IsRange>N</IsRange>
            <AD_Val_Rule_ID reference="id"/>
            <FieldLength>0</FieldLength>
            <IsMandatory>N</IsMandatory>
            <DefaultValue>N</DefaultValue>
            <VFormat/>
            <ValueMin/>
            <ValueMax/>
            <ColumnName>IsPositiveOnly</ColumnName>
            <DefaultValue2/>
            <IsCentrallyMaintained>Y</IsCentrallyMaintained>
            <EntityType>FTU</EntityType>
            <AD_Element_ID reference="id">1562</AD_Element_ID>
            <ReadOnlyLogic/>
            <DisplayLogic/>
            <AD_Process_Para_UU>ea9d4c66-41b2-4c5a-8ab6-015c0d66d52a</AD_Process_Para_UU>
            <IsEncrypted>N</IsEncrypted>
            <MandatoryLogic/>
            <Placeholder/>
            <Placeholder2/>
            <AD_Process_Para_Trl type="translation">
                <Description>No generar comisiones negativas</Description>
                <Help>El cuadro de verificación solamente cheques positivos indica que si el resultado de la sustracción es negativa; se ignore. Esto significaría que las comisiones negativas no serían calculadas.</Help>
                <Name>Sólo Positivos</Name>
                <Placeholder/>
                <Placeholder2/>
                <AD_Language>es_CO</AD_Language>
                <IsActive>Y</IsActive>
                <IsTranslated>Y</IsTranslated>
            </AD_Process_Para_Trl>
            <AD_Process_Para_Trl type="translation">
                <Description>No generar comisiones negativas</Description>
                <Help>El cuadro de verificación solamente cheques positivos indica que si el resultado de la sustracción es negativa; se ignore. Esto significaría que las comisiones negativas no serían calculadas.</Help>
                <Name>Sólo Positivos</Name>
                <Placeholder/>
                <Placeholder2/>
                <AD_Language>es_VE</AD_Language>
                <IsActive>Y</IsActive>
                <IsTranslated>N</IsTranslated>
            </AD_Process_Para_Trl>
        </AD_Process_Para>
    </AD_Menu>
    <AD_Menu type="table">
        <Parent_ID reference="id">236</Parent_ID>
        <SeqNo>2</SeqNo>
        <AD_Client_ID>0</AD_Client_ID>
        <AD_Org_ID>0</AD_Org_ID>
        <Name>FTU_PaymentWriteOff</Name>
        <Description>FTU_PaymentWriteOff</Description>
        <Action>P</Action>
        <AD_Window_ID reference="id"/>
        <AD_Workflow_ID reference="id"/>
        <AD_Task_ID reference="id"/>
        <IsActive>Y</IsActive>
        <IsSummary>N</IsSummary>
        <AD_Process_ID reference="uuid" reference-key="AD_Process">fae77b28-103b-4542-a742-65f8a0d64e3a</AD_Process_ID>
        <IsSOTrx>Y</IsSOTrx>
        <AD_Form_ID reference="id"/>
        <IsReadOnly>N</IsReadOnly>
        <EntityType>FTU</EntityType>
        <IsCentrallyMaintained>Y</IsCentrallyMaintained>
        <AD_Menu_UU>c6682e23-d27a-4c27-af28-0d194fd5240a</AD_Menu_UU>
        <AD_InfoWindow_ID reference="id"/>
        <AD_Menu_Trl type="translation">
            <Description>Dar de Baja (Pagos)</Description>
            <Name>Dar de Baja (Pagos)</Name>
            <AD_Language>es_CO</AD_Language>
            <IsActive>Y</IsActive>
            <IsTranslated>N</IsTranslated>
        </AD_Menu_Trl>
        <AD_Menu_Trl type="translation">
            <Description>Dar de Baja (Pagos)</Description>
            <Name>Dar de Baja (Pagos)</Name>
            <AD_Language>es_VE</AD_Language>
            <IsActive>Y</IsActive>
            <IsTranslated>N</IsTranslated>
        </AD_Menu_Trl>
        <AD_Process_Para type="table">
            <AD_Client_ID>0</AD_Client_ID>
            <AD_Org_ID>0</AD_Org_ID>
            <IsActive>Y</IsActive>
            <Name>Positive only</Name>
            <Description>Do not generate negative commissions</Description>
            <Help>The Positive Only check box indicates that if the result of the subtraction is negative, it is ignored.  This would mean that negative commissions would not be generated.</Help>
            <AD_Process_ID reference="uuid" reference-key="AD_Process">fae77b28-103b-4542-a742-65f8a0d64e3a</AD_Process_ID>
            <SeqNo>170</SeqNo>
            <AD_Reference_ID reference="id">20</AD_Reference_ID>
            <AD_Reference_Value_ID reference="id"/>
            <IsRange>N</IsRange>
            <AD_Val_Rule_ID reference="id"/>
            <FieldLength>0</FieldLength>
            <IsMandatory>N</IsMandatory>
            <DefaultValue>N</DefaultValue>
            <VFormat/>
            <ValueMin/>
            <ValueMax/>
            <ColumnName>IsPositiveOnly</ColumnName>
            <DefaultValue2/>
            <IsCentrallyMaintained>Y</IsCentrallyMaintained>
            <EntityType>FTU</EntityType>
            <AD_Element_ID reference="id">1562</AD_Element_ID>
            <ReadOnlyLogic/>
            <DisplayLogic/>
            <AD_Process_Para_UU>88b4671b-38a4-4906-8575-528042080ef7</AD_Process_Para_UU>
            <IsEncrypted>N</IsEncrypted>
            <MandatoryLogic/>
            <Placeholder/>
            <Placeholder2/>
            <AD_Process_Para_Trl type="translation">
                <Description>No generar comisiones negativas</Description>
                <Help>El cuadro de verificación solamente cheques positivos indica que si el resultado de la sustracción es negativa; se ignore. Esto significaría que las comisiones negativas no serían calculadas.</Help>
                <Name>Sólo Positivos</Name>
                <Placeholder/>
                <Placeholder2/>
                <AD_Language>es_CO</AD_Language>
                <IsActive>Y</IsActive>
                <IsTranslated>Y</IsTranslated>
            </AD_Process_Para_Trl>
            <AD_Process_Para_Trl type="translation">
                <Description>No generar comisiones negativas</Description>
                <Help>El cuadro de verificación solamente cheques positivos indica que si el resultado de la sustracción es negativa; se ignore. Esto significaría que las comisiones negativas no serían calculadas.</Help>
                <Name>Sólo Positivos</Name>
                <Placeholder/>
                <Placeholder2/>
                <AD_Language>es_VE</AD_Language>
                <IsActive>Y</IsActive>
                <IsTranslated>N</IsTranslated>
            </AD_Process_Para_Trl>
        </AD_Process_Para>
    </AD_Menu>
</idempiere>
