<?xml version="1.0" encoding="UTF-8"?><idempiere Name="AD_Process_Para" Version="1.0.0" idempiereVersion="7.1.0.qualifier" DataBaseVersion="2019-11-22" Description="" Author="dCastillo" AuthorEmail="dcastillo@frontuari.net" CreatedDate="Fri Sep 03 16:15:24 VET 2021" UpdatedDate="Fri Sep 03 16:15:24 VET 2021" PackOutVersion="100" UpdateDictionary="true" Client="0-SYSTEM-System" AD_Client_UU="11237b53-9592-4af1-b3c5-afd216514b5d">
    <AD_Element type="table">
        <AD_Element_ID>958</AD_Element_ID>
        <AD_Client_ID>0</AD_Client_ID>
        <AD_Org_ID>0</AD_Org_ID>
        <AD_Element_ID>958</AD_Element_ID>
        <IsActive>Y</IsActive>
        <ColumnName>PrintName</ColumnName>
        <Name>Print Text</Name>
        <Description>The label text to be printed on a document or correspondence.</Description>
        <Help>The Label to be printed indicates the name that will be printed on a document or correspondence. The max length is 2000 characters.</Help>
        <PrintName>Text</PrintName>
        <PO_Description/>
        <PO_Help/>
        <PO_Name/>
        <PO_PrintName/>
        <EntityType>D</EntityType>
        <AD_Element_UU>b9481f2a-d7b8-4289-b807-1b3ff242ec78</AD_Element_UU>
        <Placeholder/>
        <AD_Element_Trl type="translation">
            <Help>The Label to be printed indicates the name that will be printed on a document or correspondence. The max length is 2000 characters.</Help>
            <PO_Description/>
            <PO_Help/>
            <Name>Print Text</Name>
            <Description>The label text to be printed on a document or correspondence.</Description>
            <PrintName>Text</PrintName>
            <PO_Name/>
            <PO_PrintName/>
            <Placeholder/>
            <AD_Language>es_VE</AD_Language>
            <IsActive>Y</IsActive>
            <IsTranslated>N</IsTranslated>
        </AD_Element_Trl>
        <AD_Element_Trl type="translation">
            <Help>El nombre a ser Impreso indica el nombre que será impreso en un documento o correspondencia</Help>
            <PO_Description/>
            <PO_Help/>
            <Name>Nombre a ser Impreso</Name>
            <Description>Indica el nombre a ser impreso en un documento o correspondencia</Description>
            <PrintName>Nombre a ser Impreso</PrintName>
            <PO_Name/>
            <PO_PrintName/>
            <Placeholder/>
            <AD_Language>es_CO</AD_Language>
            <IsActive>Y</IsActive>
            <IsTranslated>Y</IsTranslated>
        </AD_Element_Trl>
    </AD_Element>
    <AD_Process_Para type="table">
        <AD_Client_ID>0</AD_Client_ID>
        <AD_Org_ID>0</AD_Org_ID>
        <IsActive>Y</IsActive>
        <Name>Print Text</Name>
        <Description>The label text to be printed on a document or correspondence.</Description>
        <Help>The Label to be printed indicates the name that will be printed on a document or correspondence. The max length is 2000 characters.</Help>
        <AD_Process_ID reference="id">53267</AD_Process_ID>
        <SeqNo>60</SeqNo>
        <AD_Reference_ID reference="id">10</AD_Reference_ID>
        <AD_Reference_Value_ID reference="id"/>
        <IsRange>N</IsRange>
        <AD_Val_Rule_ID reference="id"/>
        <FieldLength>60</FieldLength>
        <IsMandatory>N</IsMandatory>
        <DefaultValue/>
        <VFormat/>
        <ValueMin/>
        <ValueMax/>
        <ColumnName>PrintName</ColumnName>
        <DefaultValue2/>
        <IsCentrallyMaintained>N</IsCentrallyMaintained>
        <EntityType>FTU</EntityType>
        <AD_Element_ID reference="id">958</AD_Element_ID>
        <ReadOnlyLogic/>
        <DisplayLogic/>
        <AD_Process_Para_UU>1e61e869-023a-4456-b4b5-e3c4cc698ea6</AD_Process_Para_UU>
        <IsEncrypted>N</IsEncrypted>
        <MandatoryLogic/>
        <Placeholder/>
        <Placeholder2/>
        <AD_Process_Para_Trl type="translation">
            <Help>Grupo de Producto</Help>
            <Name>Grupo de Producto</Name>
            <Description>Grupo de Producto</Description>
            <Placeholder2/>
            <Placeholder/>
            <AD_Language>es_CO</AD_Language>
            <IsActive>Y</IsActive>
            <IsTranslated>N</IsTranslated>
        </AD_Process_Para_Trl>
        <AD_Process_Para_Trl type="translation">
            <Help>Grupo de ProductoThe Label to be printed indicates the name that will be printed on a document or correspondence. The max length is 2000 characters.</Help>
            <Name>Grupo de Producto</Name>
            <Description>Grupo de Producto</Description>
            <Placeholder2/>
            <Placeholder/>
            <AD_Language>es_VE</AD_Language>
            <IsActive>Y</IsActive>
            <IsTranslated>N</IsTranslated>
        </AD_Process_Para_Trl>
    </AD_Process_Para>
</idempiere>
