<?xml version="1.0" encoding="UTF-8"?><idempiere Name="2Pack_1.8.0_CustomProcess_InvoiceNGL" Version="1.8.0" idempiereVersion="" DataBaseVersion="" Description="Add customized process InvoiceNGL and add new parameter AD_Org_ID " Author="" AuthorEmail="jcolmenarez@frontuari.net" CreatedDate="2023-05-05 15:09:50.358" UpdatedDate="2023-05-05 15:09:54.155" PackOutVersion="100" UpdateDictionary="false" Client="0-SYSTEM-System" AD_Client_UU="11237b53-9592-4af1-b3c5-afd216514b5d">
    <AD_Process type="table">
        <AD_Process_ID>326</AD_Process_ID>
        <AD_Client_ID>0</AD_Client_ID>
        <AD_Org_ID>0</AD_Org_ID>
        <AD_Process_ID>326</AD_Process_ID>
        <IsActive>Y</IsActive>
        <Name>Invoice Not Realized Gain/Loss</Name>
        <Description>Invoice Not Realized Gain &amp; Loss Report</Description>
        <Help>The Report lists not fully paid invoices with open amount, the GL amounts and the revalued amounts.  If an invoice is partially paid, the percentage of the open amount is used to calculate the revaluation amount.&lt;br&gt;
        If you select a currency, only invoices of that currency are included; if you select Include All Currencies, all invoices are included and you can use the report to reconcile your AP/AR accounts.&lt;br&gt;
        If you select a GL Document Type, a GL Journal is created. 
        Note that the report only includes posted invoices.</Help>
        <ProcedureName/>
        <IsReport>Y</IsReport>
        <Value>T_InvoiceNGL</Value>
        <IsDirectPrint>N</IsDirectPrint>
        <AD_ReportView_ID reference="id">160</AD_ReportView_ID>
        <Classname>net.frontuari.lvecustomprocess.process.InvoiceNGL</Classname>
        <AccessLevel>3</AccessLevel>
        <EntityType>D</EntityType>
        <Statistic_Count>14</Statistic_Count>
        <Statistic_Seconds>1415</Statistic_Seconds>
        <AD_PrintFormat_ID reference="id"/>
        <WorkflowValue/>
        <AD_Workflow_ID reference="id"/>
        <IsBetaFunctionality>N</IsBetaFunctionality>
        <IsServerProcess>N</IsServerProcess>
        <ShowHelp>Y</ShowHelp>
        <JasperReport/>
        <AD_Form_ID reference="id"/>
        <CopyFromProcess/>
        <AD_Process_UU>a2917766-9709-4f32-889b-73a70300a505</AD_Process_UU>
        <AD_CtxHelp_ID reference="id"/>
        <ExecutionType/>
        <AllowMultipleExecution>P</AllowMultipleExecution>
        <AD_Process_Trl type="translation">
            <Description>Factura no realizada - Reporte de Pérdida y/o Ganancia</Description>
            <Help>El reporte lista las facturas en otras monedas con saldos pendientes, las cantidades de GL y las cantidades nuevas. Si usted selecciona el tipo de documento se crea una nota contable.</Help>
            <Name>Factura no realizada Pérdida/Ganancia</Name>
            <AD_Language>es_CO</AD_Language>
            <IsActive>Y</IsActive>
            <IsTranslated>Y</IsTranslated>
        </AD_Process_Trl>
        <AD_Process_Para type="table">
            <AD_Client_ID>0</AD_Client_ID>
            <AD_Org_ID>0</AD_Org_ID>
            <IsActive>Y</IsActive>
            <Name>Organization</Name>
            <Description>Organizational entity within client</Description>
            <Help>An organization is a unit of your client or legal entity - examples are store, department. You can share data between organizations.</Help>
            <AD_Process_ID reference="id">326</AD_Process_ID>
            <SeqNo>15</SeqNo>
            <AD_Reference_ID reference="id">19</AD_Reference_ID>
            <AD_Reference_Value_ID reference="id"/>
            <IsRange>N</IsRange>
            <AD_Val_Rule_ID reference="id">130</AD_Val_Rule_ID>
            <FieldLength>0</FieldLength>
            <IsMandatory>N</IsMandatory>
            <DefaultValue>@#AD_Org_ID@</DefaultValue>
            <VFormat/>
            <ValueMin/>
            <ValueMax/>
            <ColumnName>AD_Org_ID</ColumnName>
            <DefaultValue2/>
            <IsCentrallyMaintained>Y</IsCentrallyMaintained>
            <EntityType>FTU</EntityType>
            <AD_Element_ID reference="id">113</AD_Element_ID>
            <ReadOnlyLogic/>
            <DisplayLogic/>
            <AD_Process_Para_UU>0141f68a-c09b-4c80-b7d2-8c2149f98e82</AD_Process_Para_UU>
            <IsEncrypted>N</IsEncrypted>
            <MandatoryLogic/>
            <Placeholder/>
            <Placeholder2/>
            <AD_Process_Para_Trl type="translation">
                <Description>Entidad organizacional dentro del grupo empresarial</Description>
                <Help>Una organización es una unidad del grupo empresarial o entidad legal - Ej. Tiendas y departamentos. Es posible compartir datos entre organizaciones.</Help>
                <Name>Organización</Name>
                <Placeholder/>
                <Placeholder2/>
                <AD_Language>es_CO</AD_Language>
                <IsActive>Y</IsActive>
                <IsTranslated>Y</IsTranslated>
            </AD_Process_Para_Trl>
            <AD_Process_Para_Trl type="translation">
                <Description>Organizational entity within client</Description>
                <Help>An organization is a unit of your client or legal entity - examples are store, department. You can share data between organizations.</Help>
                <Name>Organización</Name>
                <Placeholder/>
                <Placeholder2/>
                <AD_Language>es_VE</AD_Language>
                <IsActive>Y</IsActive>
                <IsTranslated>N</IsTranslated>
            </AD_Process_Para_Trl>
        </AD_Process_Para>
    </AD_Process>
</idempiere>
