<?xml version="1.0" encoding="UTF-8"?><idempiere Name="AD_Process_Para" Version="1.0.0" idempiereVersion="7.1.0.202101291828" DataBaseVersion="2019-11-22" Description="" Author="dCastillo" AuthorEmail="dcastillo@frontuari.net" CreatedDate="Tue Sep 07 09:39:28 VET 2021" UpdatedDate="Tue Sep 07 09:39:28 VET 2021" PackOutVersion="100" UpdateDictionary="true" Client="0-SYSTEM-System" AD_Client_UU="11237b53-9592-4af1-b3c5-afd216514b5d">
    <AD_Element type="table">
        <AD_Client_ID>0</AD_Client_ID>
        <AD_Org_ID>0</AD_Org_ID>
        <IsActive>Y</IsActive>
        <ColumnName>FTU_ProductGroup_ID</ColumnName>
        <Name>FTU_ProductGroup</Name>
        <Description/>
        <Help/>
        <PrintName>FTU_ProductGroup</PrintName>
        <PO_Description/>
        <PO_Help/>
        <PO_Name/>
        <PO_PrintName/>
        <EntityType>FTU</EntityType>
        <AD_Element_UU>31e3acb7-3041-4e62-9c4f-15ac60a32f6b</AD_Element_UU>
        <Placeholder/>
        <AD_Element_Trl type="translation">
            <Description/>
            <Help/>
            <Name>Nivel 1</Name>
            <Placeholder/>
            <PO_Description/>
            <PO_Help/>
            <PO_Name/>
            <PO_PrintName/>
            <PrintName>Nivel 1</PrintName>
            <AD_Language>es_CO</AD_Language>
            <IsActive>Y</IsActive>
            <IsTranslated>N</IsTranslated>
        </AD_Element_Trl>
        <AD_Element_Trl type="translation">
            <Description/>
            <Help/>
            <Name>Nivel 1</Name>
            <Placeholder/>
            <PO_Description/>
            <PO_Help/>
            <PO_Name/>
            <PO_PrintName/>
            <PrintName>Nivel 1</PrintName>
            <AD_Language>es_VE</AD_Language>
            <IsActive>Y</IsActive>
            <IsTranslated>N</IsTranslated>
        </AD_Element_Trl>
    </AD_Element>
    <AD_Process_Para type="table">
        <AD_Client_ID>0</AD_Client_ID>
        <AD_Org_ID>0</AD_Org_ID>
        <IsActive>Y</IsActive>
        <Name>FTU_ProductGroup</Name>
        <Description/>
        <Help/>
        <AD_Process_ID reference="id">53267</AD_Process_ID>
        <SeqNo>70</SeqNo>
        <AD_Reference_ID reference="id">18</AD_Reference_ID>
        <AD_Reference_Value_ID reference="uuid" reference-key="AD_Reference">a5f86da2-677d-4277-9d2e-b6076638963a</AD_Reference_Value_ID>
        <IsRange>N</IsRange>
        <AD_Val_Rule_ID reference="id"/>
        <FieldLength>0</FieldLength>
        <IsMandatory>N</IsMandatory>
        <DefaultValue/>
        <VFormat/>
        <ValueMin/>
        <ValueMax/>
        <ColumnName>FTU_ProductGroup_ID</ColumnName>
        <DefaultValue2/>
        <IsCentrallyMaintained>Y</IsCentrallyMaintained>
        <EntityType>FTU</EntityType>
        <AD_Element_ID reference="uuid" reference-key="AD_Element">31e3acb7-3041-4e62-9c4f-15ac60a32f6b</AD_Element_ID>
        <ReadOnlyLogic/>
        <DisplayLogic/>
        <AD_Process_Para_UU>0f1f379f-4147-4b8a-bbd4-0056af55ec40</AD_Process_Para_UU>
        <IsEncrypted>N</IsEncrypted>
        <MandatoryLogic/>
        <Placeholder/>
        <Placeholder2/>
        <AD_Process_Para_Trl type="translation">
            <Description/>
            <Help/>
            <Name>Nivel 1</Name>
            <Placeholder/>
            <Placeholder2/>
            <AD_Language>es_CO</AD_Language>
            <IsActive>Y</IsActive>
            <IsTranslated>N</IsTranslated>
        </AD_Process_Para_Trl>
        <AD_Process_Para_Trl type="translation">
            <Description/>
            <Help/>
            <Name>Nivel 1</Name>
            <Placeholder/>
            <Placeholder2/>
            <AD_Language>es_VE</AD_Language>
            <IsActive>Y</IsActive>
            <IsTranslated>N</IsTranslated>
        </AD_Process_Para_Trl>
    </AD_Process_Para>
</idempiere>
