<?xml version="1.0" encoding="UTF-8"?><idempiere Name="AD_Process_Para" Version="1.0.0" idempiereVersion="7.1.0.qualifier" DataBaseVersion="2019-11-22" Description="" Author="dCastillo" AuthorEmail="dcastillo@frontuari.net" CreatedDate="Thu May 12 10:27:47 VET 2022" UpdatedDate="Thu May 12 10:27:47 VET 2022" PackOutVersion="100" UpdateDictionary="true" Client="0-SYSTEM-System" AD_Client_UU="11237b53-9592-4af1-b3c5-afd216514b5d">
    <AD_Element type="table">
        <AD_Element_ID>416</AD_Element_ID>
        <AD_Client_ID>0</AD_Client_ID>
        <AD_Org_ID>0</AD_Org_ID>
        <AD_Element_ID>416</AD_Element_ID>
        <IsActive>Y</IsActive>
        <ColumnName>IsSummary</ColumnName>
        <Name>Summary Level</Name>
        <Description>This is a summary entity</Description>
        <Help>A summary entity represents a branch in a tree rather than an end-node. Summary entities are used for reporting and do not have own values.</Help>
        <PrintName>Summary Level</PrintName>
        <PO_Description/>
        <PO_Help/>
        <PO_Name/>
        <PO_PrintName/>
        <EntityType>D</EntityType>
        <AD_Element_UU>df34dd83-43ce-44a8-8eb7-19776530f30b</AD_Element_UU>
        <Placeholder/>
        <AD_Element_Trl type="translation">
            <Help>Una entidad sumaria representa una rama en un árbol mas bien que un nodo final. Las entidades sumarias son usadas para reportar y no tienen valores propios</Help>
            <PO_Description/>
            <PO_Help/>
            <Name>Entidad Acumulada</Name>
            <Description>Esta es una entidad sumaria</Description>
            <PrintName>Acumular Nivel</PrintName>
            <PO_Name/>
            <PO_PrintName/>
            <Placeholder/>
            <AD_Language>es_CO</AD_Language>
            <IsActive>Y</IsActive>
            <IsTranslated>Y</IsTranslated>
        </AD_Element_Trl>
        <AD_Element_Trl type="translation">
            <Help>A summary entity represents a branch in a tree rather than an end-node. Summary entities are used for reporting and do not have own values.</Help>
            <PO_Description/>
            <PO_Help/>
            <Name>Summary Level</Name>
            <Description>This is a summary entity</Description>
            <PrintName>Summary Level</PrintName>
            <PO_Name/>
            <PO_PrintName/>
            <Placeholder/>
            <AD_Language>es_VE</AD_Language>
            <IsActive>Y</IsActive>
            <IsTranslated>N</IsTranslated>
        </AD_Element_Trl>
    </AD_Element>
    <AD_Process_Para type="table">
        <AD_Client_ID>0</AD_Client_ID>
        <AD_Org_ID>0</AD_Org_ID>
        <IsActive>Y</IsActive>
        <Name>IsSummary</Name>
        <Description/>
        <Help/>
        <AD_Process_ID reference="id">171</AD_Process_ID>
        <SeqNo>170</SeqNo>
        <AD_Reference_ID reference="id">20</AD_Reference_ID>
        <AD_Reference_Value_ID reference="id"/>
        <IsRange>N</IsRange>
        <AD_Val_Rule_ID reference="id"/>
        <FieldLength>0</FieldLength>
        <IsMandatory>N</IsMandatory>
        <DefaultValue/>
        <VFormat/>
        <ValueMin/>
        <ValueMax/>
        <ColumnName>IsSummary</ColumnName>
        <DefaultValue2/>
        <IsCentrallyMaintained>N</IsCentrallyMaintained>
        <EntityType>FTU</EntityType>
        <AD_Element_ID reference="id">416</AD_Element_ID>
        <ReadOnlyLogic/>
        <DisplayLogic/>
        <AD_Process_Para_UU>d11dd6d1-971b-4f67-8347-e1365175cbb9</AD_Process_Para_UU>
        <IsEncrypted>N</IsEncrypted>
        <MandatoryLogic/>
        <Placeholder/>
        <Placeholder2/>
        <AD_Process_Para_Trl type="translation">
            <Help>Define si se hace una asignación por documento o se agrupa por tercero - organización</Help>
            <Name>Resumido</Name>
            <Description>Define si se hace una asignación por documento o se agrupa por tercero - organización</Description>
            <Placeholder2/>
            <Placeholder/>
            <AD_Language>es_CO</AD_Language>
            <IsActive>Y</IsActive>
            <IsTranslated>N</IsTranslated>
        </AD_Process_Para_Trl>
        <AD_Process_Para_Trl type="translation">
            <Help>Define si se hace una asignación por documento o se agrupa por tercero - organización</Help>
            <Name>Resumido</Name>
            <Description>Define si se hace una asignación por documento o se agrupa por tercero - organización</Description>
            <Placeholder2/>
            <Placeholder/>
            <AD_Language>es_VE</AD_Language>
            <IsActive>Y</IsActive>
            <IsTranslated>N</IsTranslated>
        </AD_Process_Para_Trl>
    </AD_Process_Para>
</idempiere>
