<?xml version="1.0" encoding="UTF-8"?><idempiere Name="2Pack_1.7.0_CustomAllocationReset" Version="1.7.0" idempiereVersion="7.1.0.qualifier" DataBaseVersion="2019-11-22" Description="" Author="jColmenarez" AuthorEmail="jcolmenarez@frontuari.net" CreatedDate="Mon Dec 12 15:37:54 VET 2022" UpdatedDate="Mon Dec 12 15:37:54 VET 2022" PackOutVersion="100" UpdateDictionary="true" Client="0-SYSTEM-System" AD_Client_UU="11237b53-9592-4af1-b3c5-afd216514b5d">
    <AD_Process type="table">
        <AD_Process_ID>53199</AD_Process_ID>
        <AD_Client_ID>0</AD_Client_ID>
        <AD_Org_ID>0</AD_Org_ID>
        <AD_Process_ID>53199</AD_Process_ID>
        <IsActive>Y</IsActive>
        <Name>Reset Allocation Direct</Name>
        <Description>Reset (delete) allocation of invoices to payments</Description>
        <Help>Delete individual allocation. In contrast to "Reverse", the allocation is deleted (no trace), if the period is open.</Help>
        <ProcedureName/>
        <IsReport>N</IsReport>
        <Value>C_Allocation_Reset_Direct</Value>
        <IsDirectPrint>N</IsDirectPrint>
        <AD_ReportView_ID reference="id"/>
        <Classname>net.frontuari.lvecustomprocess.process.AllocationReset</Classname>
        <AccessLevel>2</AccessLevel>
        <EntityType>D</EntityType>
        <Statistic_Count>1067</Statistic_Count>
        <Statistic_Seconds>1193</Statistic_Seconds>
        <AD_PrintFormat_ID reference="id"/>
        <WorkflowValue/>
        <AD_Workflow_ID reference="id"/>
        <IsBetaFunctionality>N</IsBetaFunctionality>
        <IsServerProcess>N</IsServerProcess>
        <ShowHelp>Y</ShowHelp>
        <JasperReport/>
        <AD_Form_ID reference="id"/>
        <CopyFromProcess/>
        <AD_Process_UU>13dc33b5-cd33-4e48-8599-a7aa21f66872</AD_Process_UU>
        <AD_CtxHelp_ID reference="id"/>
        <ExecutionType/>
        <AllowMultipleExecution/>
        <AD_Process_Trl type="translation">
            <Description>Reinicia (borra) asignación de facturas a pagos</Description>
            <Help>Borra asignaciones individuales.  En contraste a "Reversar", la asignación es borrada (no se guarda log), si el período está abierto.</Help>
            <Name>Borra Esta Asignación</Name>
            <AD_Language>es_CO</AD_Language>
            <IsActive>Y</IsActive>
            <IsTranslated>Y</IsTranslated>
        </AD_Process_Trl>
    </AD_Process>
</idempiere>
