<?xml version="1.0" encoding="UTF-8"?><idempiere Name="AD_Process" Version="1.0.0" idempiereVersion="7.1.0.qualifier" DataBaseVersion="2019-11-22" Description="" Author="jColmenarez" AuthorEmail="jcolmenarez@frontuari.net" CreatedDate="Tue Mar 15 15:06:17 VET 2022" UpdatedDate="Tue Mar 15 15:06:17 VET 2022" PackOutVersion="100" UpdateDictionary="true" Client="0-SYSTEM-System" AD_Client_UU="11237b53-9592-4af1-b3c5-afd216514b5d">
    <AD_Process type="table">
        <AD_Process_ID>300</AD_Process_ID>
        <AD_Client_ID>0</AD_Client_ID>
        <AD_Org_ID>0</AD_Org_ID>
        <AD_Process_ID>300</AD_Process_ID>
        <IsActive>Y</IsActive>
        <Name>Delete</Name>
        <Description>Delete Invoice Matching Record</Description>
        <Help/>
        <ProcedureName/>
        <IsReport>N</IsReport>
        <Value>M_MatchInv_Delete</Value>
        <IsDirectPrint>N</IsDirectPrint>
        <AD_ReportView_ID reference="id"/>
        <Classname>net.frontuari.lvecustomprocess.process.MatchInvDelete</Classname>
        <AccessLevel>2</AccessLevel>
        <EntityType>D</EntityType>
        <Statistic_Count>104</Statistic_Count>
        <Statistic_Seconds>677</Statistic_Seconds>
        <AD_PrintFormat_ID reference="id"/>
        <WorkflowValue/>
        <AD_Workflow_ID reference="id"/>
        <IsBetaFunctionality>N</IsBetaFunctionality>
        <IsServerProcess>N</IsServerProcess>
        <ShowHelp>Y</ShowHelp>
        <JasperReport/>
        <AD_Form_ID reference="id"/>
        <CopyFromProcess/>
        <AD_Process_UU>6d881638-d7d4-41a5-86a6-ffb537654d8e</AD_Process_UU>
        <AD_CtxHelp_ID reference="id"/>
        <ExecutionType/>
        <AllowMultipleExecution/>
        <AD_Process_Trl type="translation">
            <Description>Cancelación de correspondencia del Registro de la Factura</Description>
            <Help/>
            <Name>Borra</Name>
            <AD_Language>es_CO</AD_Language>
            <IsActive>Y</IsActive>
            <IsTranslated>Y</IsTranslated>
        </AD_Process_Trl>
    </AD_Process>
</idempiere>
